emailAddress,password
supplier123456490@example.com,Password1234
supplier123456491@example.com,Password1234
supplier123456492@example.com,Password1234
supplier123456493@example.com,Password1234
supplier123456494@example.com,Password1234
supplier123456495@example.com,Password1234
supplier123456496@example.com,Password1234
supplier123456497@example.com,Password1234
supplier123456498@example.com,Password1234
supplier123456499@example.com,Password1234
supplier123456500@example.com,Password1234
supplier123456501@example.com,Password1234
supplier123456502@example.com,Password1234
supplier123456503@example.com,Password1234
supplier123456504@example.com,Password1234
supplier123456505@example.com,Password1234
supplier123456506@example.com,Password1234
supplier123456507@example.com,Password1234
supplier123456508@example.com,Password1234
supplier123456509@example.com,Password1234
supplier123456510@example.com,Password1234
supplier123456511@example.com,Password1234
supplier123456512@example.com,Password1234
supplier123456513@example.com,Password1234
supplier123456514@example.com,Password1234
supplier123456515@example.com,Password1234
supplier123456516@example.com,Password1234
supplier123456517@example.com,Password1234
supplier123456518@example.com,Password1234
supplier123456519@example.com,Password1234
supplier123456520@example.com,Password1234
supplier123456521@example.com,Password1234
supplier123456522@example.com,Password1234
supplier123456523@example.com,Password1234
supplier123456524@example.com,Password1234
supplier123456525@example.com,Password1234
supplier123456526@example.com,Password1234
supplier123456527@example.com,Password1234
supplier123456528@example.com,Password1234
supplier123456529@example.com,Password1234
supplier123456530@example.com,Password1234
supplier123456531@example.com,Password1234
supplier123456532@example.com,Password1234
supplier123456533@example.com,Password1234
supplier123456534@example.com,Password1234
supplier123456535@example.com,Password1234
supplier123456536@example.com,Password1234
supplier123456537@example.com,Password1234
supplier123456538@example.com,Password1234
supplier123456539@example.com,Password1234
supplier123456540@example.com,Password1234
supplier123456541@example.com,Password1234
supplier123456542@example.com,Password1234
supplier123456543@example.com,Password1234
supplier123456544@example.com,Password1234
supplier123456545@example.com,Password1234
supplier123456546@example.com,Password1234
supplier123456547@example.com,Password1234
supplier123456548@example.com,Password1234
supplier123456549@example.com,Password1234
supplier123456550@example.com,Password1234
supplier123456551@example.com,Password1234
supplier123456552@example.com,Password1234
supplier123456553@example.com,Password1234
supplier123456554@example.com,Password1234
supplier123456555@example.com,Password1234
supplier123456556@example.com,Password1234
supplier123456557@example.com,Password1234
supplier123456558@example.com,Password1234
supplier123456559@example.com,Password1234
supplier123456560@example.com,Password1234
supplier123456561@example.com,Password1234
supplier123456562@example.com,Password1234
supplier123456563@example.com,Password1234
supplier123456564@example.com,Password1234
supplier123456565@example.com,Password1234
supplier123456566@example.com,Password1234
supplier123456567@example.com,Password1234
supplier123456568@example.com,Password1234
supplier123456569@example.com,Password1234
supplier123456570@example.com,Password1234
supplier123456571@example.com,Password1234
supplier123456572@example.com,Password1234
supplier123456573@example.com,Password1234
supplier123456574@example.com,Password1234
supplier123456575@example.com,Password1234
supplier123456576@example.com,Password1234
supplier123456577@example.com,Password1234
supplier123456578@example.com,Password1234
supplier123456579@example.com,Password1234
supplier123456580@example.com,Password1234
supplier123456581@example.com,Password1234
supplier123456582@example.com,Password1234
supplier123456583@example.com,Password1234
supplier123456584@example.com,Password1234
supplier123456585@example.com,Password1234
supplier123456586@example.com,Password1234
supplier123456587@example.com,Password1234
supplier123456588@example.com,Password1234
supplier123456589@example.com,Password1234
supplier123456590@example.com,Password1234
supplier123456591@example.com,Password1234
supplier123456592@example.com,Password1234
supplier123456593@example.com,Password1234
supplier123456594@example.com,Password1234
supplier123456595@example.com,Password1234
supplier123456596@example.com,Password1234
supplier123456597@example.com,Password1234
supplier123456598@example.com,Password1234
supplier123456599@example.com,Password1234
supplier123456600@example.com,Password1234
supplier123456601@example.com,Password1234
supplier123456602@example.com,Password1234
supplier123456603@example.com,Password1234
supplier123456604@example.com,Password1234
supplier123456605@example.com,Password1234
supplier123456606@example.com,Password1234
supplier123456607@example.com,Password1234
supplier123456608@example.com,Password1234
supplier123456609@example.com,Password1234
supplier123456610@example.com,Password1234
supplier123456611@example.com,Password1234
supplier123456612@example.com,Password1234
supplier123456613@example.com,Password1234
supplier123456614@example.com,Password1234
supplier123456615@example.com,Password1234
supplier123456616@example.com,Password1234
supplier123456617@example.com,Password1234
supplier123456618@example.com,Password1234
supplier123456619@example.com,Password1234
supplier123456620@example.com,Password1234
supplier123456621@example.com,Password1234
supplier123456622@example.com,Password1234
supplier123456623@example.com,Password1234
supplier123456624@example.com,Password1234
supplier123456625@example.com,Password1234
supplier123456626@example.com,Password1234
supplier123456627@example.com,Password1234
supplier123456628@example.com,Password1234
supplier123456629@example.com,Password1234
supplier123456630@example.com,Password1234
supplier123456631@example.com,Password1234
supplier123456632@example.com,Password1234
supplier123456633@example.com,Password1234
supplier123456634@example.com,Password1234
supplier123456635@example.com,Password1234
supplier123456636@example.com,Password1234
supplier123456637@example.com,Password1234
supplier123456638@example.com,Password1234
supplier123456639@example.com,Password1234
supplier123456640@example.com,Password1234
supplier123456641@example.com,Password1234
supplier123456642@example.com,Password1234
supplier123456643@example.com,Password1234
supplier123456644@example.com,Password1234
supplier123456645@example.com,Password1234
supplier123456646@example.com,Password1234
supplier123456647@example.com,Password1234
supplier123456648@example.com,Password1234
supplier123456649@example.com,Password1234
supplier123456650@example.com,Password1234
supplier123456651@example.com,Password1234
supplier123456652@example.com,Password1234
supplier123456653@example.com,Password1234
supplier123456654@example.com,Password1234
supplier123456655@example.com,Password1234
supplier123456656@example.com,Password1234
supplier123456657@example.com,Password1234
supplier123456658@example.com,Password1234
supplier123456659@example.com,Password1234
supplier123456660@example.com,Password1234
supplier123456661@example.com,Password1234
supplier123456662@example.com,Password1234
supplier123456663@example.com,Password1234
supplier123456664@example.com,Password1234
supplier123456665@example.com,Password1234
supplier123456666@example.com,Password1234
supplier123456667@example.com,Password1234
supplier123456668@example.com,Password1234
supplier123456669@example.com,Password1234
supplier123456670@example.com,Password1234
supplier123456671@example.com,Password1234
supplier123456672@example.com,Password1234
supplier123456673@example.com,Password1234
supplier123456674@example.com,Password1234
supplier123456675@example.com,Password1234
supplier123456676@example.com,Password1234
supplier123456677@example.com,Password1234
supplier123456678@example.com,Password1234
supplier123456679@example.com,Password1234
supplier123456680@example.com,Password1234
supplier123456681@example.com,Password1234
supplier123456682@example.com,Password1234
supplier123456683@example.com,Password1234
supplier123456684@example.com,Password1234
supplier123456685@example.com,Password1234
supplier123456686@example.com,Password1234
supplier123456687@example.com,Password1234
supplier123456688@example.com,Password1234
supplier123456689@example.com,Password1234
supplier123456690@example.com,Password1234
supplier123456691@example.com,Password1234
supplier123456692@example.com,Password1234
supplier123456693@example.com,Password1234
supplier123456694@example.com,Password1234
supplier123456695@example.com,Password1234
supplier123456696@example.com,Password1234
supplier123456697@example.com,Password1234
supplier123456698@example.com,Password1234
supplier123456699@example.com,Password1234
supplier123456700@example.com,Password1234
supplier123456701@example.com,Password1234
supplier123456702@example.com,Password1234
supplier123456703@example.com,Password1234
supplier123456704@example.com,Password1234
supplier123456705@example.com,Password1234
supplier123456706@example.com,Password1234
supplier123456707@example.com,Password1234
supplier123456708@example.com,Password1234
supplier123456709@example.com,Password1234
supplier123456710@example.com,Password1234
supplier123456711@example.com,Password1234
supplier123456712@example.com,Password1234
supplier123456713@example.com,Password1234
supplier123456714@example.com,Password1234
supplier123456715@example.com,Password1234
supplier123456716@example.com,Password1234
supplier123456717@example.com,Password1234
supplier123456718@example.com,Password1234
supplier123456719@example.com,Password1234
supplier123456720@example.com,Password1234
supplier123456721@example.com,Password1234
supplier123456722@example.com,Password1234
supplier123456723@example.com,Password1234
supplier123456724@example.com,Password1234
supplier123456725@example.com,Password1234
supplier123456726@example.com,Password1234
supplier123456727@example.com,Password1234
supplier123456728@example.com,Password1234
supplier123456729@example.com,Password1234
supplier123456730@example.com,Password1234
supplier123456731@example.com,Password1234
supplier123456732@example.com,Password1234
supplier123456733@example.com,Password1234
supplier123456734@example.com,Password1234
supplier123456735@example.com,Password1234
supplier123456736@example.com,Password1234
supplier123456737@example.com,Password1234
supplier123456738@example.com,Password1234
supplier123456739@example.com,Password1234
supplier123456740@example.com,Password1234
supplier123456741@example.com,Password1234
supplier123456742@example.com,Password1234
supplier123456743@example.com,Password1234
supplier123456744@example.com,Password1234
supplier123456745@example.com,Password1234
supplier123456746@example.com,Password1234
supplier123456747@example.com,Password1234
supplier123456748@example.com,Password1234
supplier123456749@example.com,Password1234
supplier123456750@example.com,Password1234
supplier123456751@example.com,Password1234
supplier123456752@example.com,Password1234
supplier123456753@example.com,Password1234
supplier123456754@example.com,Password1234
supplier123456755@example.com,Password1234
supplier123456756@example.com,Password1234
supplier123456757@example.com,Password1234
supplier123456758@example.com,Password1234
supplier123456759@example.com,Password1234
supplier123456760@example.com,Password1234
supplier123456761@example.com,Password1234
supplier123456762@example.com,Password1234
supplier123456763@example.com,Password1234
supplier123456764@example.com,Password1234
supplier123456765@example.com,Password1234
supplier123456766@example.com,Password1234
supplier123456767@example.com,Password1234
supplier123456768@example.com,Password1234
supplier123456769@example.com,Password1234
supplier123456770@example.com,Password1234
supplier123456771@example.com,Password1234
supplier123456772@example.com,Password1234
supplier123456773@example.com,Password1234
supplier123456774@example.com,Password1234
supplier123456775@example.com,Password1234
supplier123456776@example.com,Password1234
supplier123456777@example.com,Password1234
supplier123456778@example.com,Password1234
supplier123456779@example.com,Password1234
supplier123456780@example.com,Password1234
supplier123456781@example.com,Password1234
supplier123456782@example.com,Password1234
supplier123456783@example.com,Password1234
supplier123456784@example.com,Password1234
supplier123456785@example.com,Password1234
supplier123456786@example.com,Password1234
supplier123456787@example.com,Password1234
supplier123456788@example.com,Password1234
supplier123456789@example.com,Password1234
